{"fonts/Poppins-SemiBold.ttf":["fonts/Poppins-SemiBold.ttf"],"images/announcementImage.png":["images/announcementImage.png"],"images/appleLogo.png":["images/appleLogo.png"],"images/backgroundTree.png":["images/backgroundTree.png"],"images/collabIcon.png":["images/collabIcon.png"],"images/darkBlueGlass.png":["images/darkBlueGlass.png"],"images/domainsIcon.png":["images/domainsIcon.png"],"images/faqBanner.png":["images/faqBanner.png"],"images/faqIcon.png":["images/faqIcon.png"],"images/firstPrize.png":["images/firstPrize.png"],"images/googleLogo.png":["images/googleLogo.png"],"images/lightBlueGlass.png":["images/lightBlueGlass.png"],"images/profileIcon.png":["images/profileIcon.png"],"images/secondPrize.png":["images/secondPrize.png"],"images/sparkLogo.png":["images/sparkLogo.png"],"images/sparkLogoWithText.png":["images/sparkLogoWithText.png"],"images/thirdPrize.png":["images/thirdPrize.png"],"images/timelineIcon.png":["images/timelineIcon.png"],"images/trailTree.png":["images/trailTree.png"],"images/treeTrail.png":["images/treeTrail.png"],"packages/cupertino_icons/assets/CupertinoIcons.ttf":["packages/cupertino_icons/assets/CupertinoIcons.ttf"]}